{"cameraMode":{"drawMode":0,"name":"Shaded","section":"Shading Mode"},"sceneLighting":true,"audioPlay":false,"sceneViewState":{"showFog":true,"showMaterialUpdate":false,"showSkybox":true,"showFlares":true,"showImageEffects":true,"showParticleSystems":true},"in2DMode":false,"pivot":{"x":-0.04632359743118286,"y":0.8983475565910339,"z":0.052304238080978397},"rotation":{"x":-0.1240236759185791,"y":0.515546977519989,"z":-0.07569075375795365,"w":-0.8444737792015076},"size":1.7385468482971192,"orthographic":false}